방법,추론시간(ms),예측클래스,용량(KB)
PyTorch FP32,58.39,285,45738.912109375
PyTorch Dynamic,54.83,-,44253.21875
ONNX Runtime FP32,39.43,-,45652.890625
ONNX Runtime INT8,43.72,-,11471.5146484375
